company_id,company_name,cash_from_operations,free_cash_flow,total_debt,cfo_quality,fcf_status,capex_intensity,capital_allocation_pattern,distress_flag,confidence_pct
1,Abbott India Ltd,,0.0,83.0,Unknown,Negative,Unknown,Conservative,YES,85
2,Adani Energy Solutions Ltd,,0.0,39009.0,Unknown,Negative,Unknown,Conservative,YES,85
3,Adani Enterprises Ltd,,0.0,80427.0,Unknown,Negative,Unknown,Conservative,YES,85
4,Adani Green Energy Ltd,,0.0,67430.0,Unknown,Negative,Unknown,Conservative,YES,85
5,"Adani Ports & Special Economic Zone Ltd
",,0.0,50485.0,Unknown,Negative,Unknown,Conservative,YES,85
6,Adani Power Ltd,,0.0,37705.0,Unknown,Negative,Unknown,Conservative,YES,85
7,Ambuja Cements Ltd,,0.0,779.0,Unknown,Negative,Unknown,Conservative,YES,85
8,"Apollo Hospitals
Chain of Indian private hospitals",,0.0,7371.0,Unknown,Negative,Unknown,Conservative,YES,85
9,"Asian Paints
Indian Multi-National Paint and Coating Manufacturing Company",,0.0,2474.0,Unknown,Negative,Unknown,Conservative,YES,85
10,Adani Total Gas Ltd,,0.0,1457.0,Unknown,Negative,Unknown,Conservative,YES,85
11,Axis Bank Ltd,,0.0,1295302.0,Unknown,Negative,Unknown,Conservative,YES,85
12,Bajaj Auto Ltd,,0.0,5245.0,Unknown,Negative,Unknown,Conservative,YES,85
13,Bajaj Finserv Ltd,,0.0,318675.0,Unknown,Negative,Unknown,Conservative,YES,85
14,Bajaj Holdings & Investment Ltd,,0.0,47.0,Unknown,Negative,Unknown,Conservative,YES,85
15,Bajaj Finance Ltd,,0.0,324218.0,Unknown,Negative,Unknown,Conservative,YES,85
16,Bank of Baroda,,0.0,1453761.0,Unknown,Negative,Unknown,Conservative,YES,85
17,Bharat Electronics Ltd,,0.0,78.0,Unknown,Negative,Unknown,Conservative,YES,85
18,Bharti Airtel Ltd,,0.0,225541.0,Unknown,Negative,Unknown,Conservative,YES,85
19,"Bharat Heavy Electricals Limited
",,0.0,9128.0,Unknown,Negative,Unknown,Conservative,YES,85
20,Bosch Ltd,,0.0,31.0,Unknown,Negative,Unknown,Conservative,YES,85
21,Bharat Petroleum Corporation Ltd,,0.0,58880.0,Unknown,Negative,Unknown,Conservative,YES,85
22,Britannia Industries Ltd,,0.0,2754.0,Unknown,Negative,Unknown,Conservative,YES,85
23,Canara Bank,,0.0,1369780.0,Unknown,Negative,Unknown,Conservative,YES,85
24,Cholamandalam Investment & Finance Company Ltd,,0.0,157943.0,Unknown,Negative,Unknown,Conservative,YES,85
25,"Cipla Ltd
",,0.0,461.0,Unknown,Negative,Unknown,Conservative,YES,85
26,Coal India Ltd,,0.0,7816.0,Unknown,Negative,Unknown,Conservative,YES,85
27,Dabur India Ltd,,0.0,1752.0,Unknown,Negative,Unknown,Conservative,YES,85
28,Divis Laboratories Ltd,,0.0,8.0,Unknown,Negative,Unknown,Conservative,YES,85
29,DLF Ltd,,0.0,4290.0,Unknown,Negative,Unknown,Conservative,YES,85
30,Avenue Supermarts Ltd,,0.0,713.0,Unknown,Negative,Unknown,Conservative,YES,85
31,Dr Reddys Laboratories Ltd,,0.0,4854.0,Unknown,Negative,Unknown,Conservative,YES,85
32,Eicher Motors Ltd,,0.0,404.0,Unknown,Negative,Unknown,Conservative,YES,85
33,GAIL (India) Ltd,,0.0,19632.0,Unknown,Negative,Unknown,Conservative,YES,85
34,Godrej Consumer Products Ltd,,0.0,3828.0,Unknown,Negative,Unknown,Conservative,YES,85
35,Grasim Industries Ltd,,0.0,158159.0,Unknown,Negative,Unknown,Conservative,YES,85
36,Hindustan Aeronautics Ltd,,0.0,124.0,Unknown,Negative,Unknown,Conservative,YES,85
37,Havells India Ltd,,0.0,332.0,Unknown,Negative,Unknown,Conservative,YES,85
38,HCL Technologies Ltd,,0.0,5791.0,Unknown,Negative,Unknown,Conservative,YES,85
39,HDFC Bank Ltd,,0.0,3107503.0,Unknown,Negative,Unknown,Conservative,YES,85
40,HDFC Life Insurance Company Ltd,,0.0,950.0,Unknown,Negative,Unknown,Conservative,YES,85
41,"Hero MotoCorp Ltd
",,0.0,588.0,Unknown,Negative,Unknown,Conservative,YES,85
42,Hindalco Industries Ltd,,0.0,60959.0,Unknown,Negative,Unknown,Conservative,YES,85
43,"Hindustan Unilever Ltd
",,0.0,1651.0,Unknown,Negative,Unknown,Conservative,YES,85
44,ICICI Bank Ltd,,0.0,1651008.0,Unknown,Negative,Unknown,Conservative,YES,85
45,ICICI Lombard General Insurance Company Ltd,,0.0,0.0,Unknown,Negative,Unknown,Conservative,YES,85
46,ICICI Prudential Life Insurance Company Ltd,,0.0,0.0,Unknown,Negative,Unknown,Conservative,YES,85
47,Interglobe Aviation Ltd,,0.0,20.0,Unknown,Negative,Unknown,Conservative,YES,85
48,IndusInd Bank Ltd,,0.0,432404.0,Unknown,Negative,Unknown,Conservative,YES,85
49,Infosys Ltd,,0.0,8804.0,Unknown,Negative,Unknown,Conservative,YES,85
50,"Indian Oil Corporation
",,0.0,163401.0,Unknown,Negative,Unknown,Conservative,YES,85
51,Indian Railway Catering & Tourism Corporation Ltd,,0.0,42.0,Unknown,Negative,Unknown,Conservative,YES,85
52,Indian Railway Finance Corporation Ltd,,0.0,403111.0,Unknown,Negative,Unknown,Conservative,YES,85
53,"ITC Ltd
",,0.0,304.0,Unknown,Negative,Unknown,Conservative,YES,85
54,Jindal Steel & Power Ltd,,0.0,17266.0,Unknown,Negative,Unknown,Conservative,YES,85
55,Jio Financial Services Ltd,,0.0,0.0,Unknown,Negative,Unknown,Conservative,YES,85
56,JSW Energy Ltd,,0.0,30853.0,Unknown,Negative,Unknown,Conservative,YES,85
57,JSW Steel Ltd,,0.0,95258.0,Unknown,Negative,Unknown,Conservative,YES,85
58,"Kotak Mahindra Bank Ltd
",,0.0,520374.0,Unknown,Negative,Unknown,Conservative,YES,85
59,Life Insurance Corporation of India,,0.0,10.0,Unknown,Negative,Unknown,Conservative,YES,85
60,Macrotech Developers Ltd,,0.0,7990.0,Unknown,Negative,Unknown,Conservative,YES,85
61,Larsen & Toubro Ltd,,0.0,2326.0,Unknown,Negative,Unknown,Conservative,YES,85
62,LTIMindtree Ltd,,0.0,2326.0,Unknown,Negative,Unknown,Conservative,YES,85
63,"Mahindra & Mahindra Ltd
",,0.0,116844.0,Unknown,Negative,Unknown,Conservative,YES,85
64,Maruti Suzuki India Ltd,,0.0,158.0,Unknown,Negative,Unknown,Conservative,YES,85
65,Samvardhana Motherson International Ltd,,0.0,25417.0,Unknown,Negative,Unknown,Conservative,YES,85
66,Info Edge (India) Ltd,,0.0,256.0,Unknown,Negative,Unknown,Conservative,YES,85
67,Nestle India Ltd,,0.0,370.0,Unknown,Negative,Unknown,Conservative,YES,85
68,"NHPC Ltd
",,0.0,34210.0,Unknown,Negative,Unknown,Conservative,YES,85
69,NTPC Ltd,,0.0,242009.0,Unknown,Negative,Unknown,Conservative,YES,85
70,Oil & Natural Gas Corpn Ltd,,0.0,191489.0,Unknown,Negative,Unknown,Conservative,YES,85
71,Power Finance Corporation Ltd,,0.0,910447.0,Unknown,Negative,Unknown,Conservative,YES,85
72,Pidilite Industries Ltd,,0.0,379.0,Unknown,Negative,Unknown,Conservative,YES,85
73,Punjab National Bank,,0.0,55017.0,Unknown,Negative,Unknown,Conservative,YES,85
74,Power Grid Corporation of India Ltd,,0.0,122568.0,Unknown,Negative,Unknown,Conservative,YES,85
75,REC Ltd,,0.0,483617.0,Unknown,Negative,Unknown,Conservative,YES,85
76,"Reliance Industries Ltd
",,0.0,357525.0,Unknown,Negative,Unknown,Conservative,YES,85
77,SBI Life Insurance Company Ltd,,0.0,0.0,Unknown,Negative,Unknown,Conservative,YES,85
78,State Bank of India,,0.0,,Unknown,Negative,Unknown,Conservative,YES,85
79,Shree Cement Ltd,,0.0,1656.0,Unknown,Negative,Unknown,Conservative,YES,85
80,"Shriram Finance Ltd
",,0.0,207820.0,Unknown,Negative,Unknown,Conservative,YES,85
81,Siemens Ltd,,0.0,279.0,Unknown,Negative,Unknown,Conservative,YES,85
82,Sun Pharmaceuticals Industries Ltd,,0.0,2572.0,Unknown,Negative,Unknown,Conservative,YES,85
83,Tata Consumer Products Ltd,,0.0,2955.0,Unknown,Negative,Unknown,Conservative,YES,85
84,Tata Motors Ltd,,0.0,106549.0,Unknown,Negative,Unknown,Conservative,YES,85
85,"Tata Power Company Ltd
",,0.0,58314.0,Unknown,Negative,Unknown,Conservative,YES,85
86,"Tata Steel Ltd
",,0.0,99392.0,Unknown,Negative,Unknown,Conservative,YES,85
87,Tata Consultancy Services Ltd,,0.0,9046.0,Unknown,Negative,Unknown,Conservative,YES,85
88,Tech Mahindra Ltd,,0.0,2537.0,Unknown,Negative,Unknown,Conservative,YES,85
89,"Titan Company Ltd
",,0.0,21648.0,Unknown,Negative,Unknown,Conservative,YES,85
90,Torrent Pharmaceuticals Ltd,,0.0,3128.0,Unknown,Negative,Unknown,Conservative,YES,85
91,Trent Ltd,,0.0,1842.0,Unknown,Negative,Unknown,Conservative,YES,85
92,TVS Motor Company Ltd,,0.0,14619.0,Unknown,Negative,Unknown,Conservative,YES,85
